-- ==============================
-- Insert Defects
-- ==============================

INSERT INTO defects (id, defect_code) VALUES (1, 'BURR');
INSERT INTO defects (id, defect_code) VALUES (2, 'COAT');
INSERT INTO defects (id, defect_code) VALUES (3, 'CRACK');
INSERT INTO defects (id, defect_code) VALUES (4, 'DIM');
INSERT INTO defects (id, defect_code) VALUES (5, 'NO_DEFECT');
INSERT INTO defects (id, defect_code) VALUES (6, 'POR');
INSERT INTO defects (id, defect_code) VALUES (7, 'SCR');
INSERT INTO defects (id, defect_code) VALUES (8, 'WELD');

-- ==============================
-- Insert Lots
-- ==============================

INSERT INTO lots (id, lot_id) VALUES (1, 'L0T-20251215-001');
INSERT INTO lots (id, lot_id) VALUES (2, 'L0T-20251216-001');
INSERT INTO lots (id, lot_id) VALUES (3, 'L0T-20251216-003');
INSERT INTO lots (id, lot_id) VALUES (4, 'L0T-20251217-002');
INSERT INTO lots (id, lot_id) VALUES (5, 'L0T-20251217-003');
INSERT INTO lots (id, lot_id) VALUES (6, 'L0T-20251219-001');
INSERT INTO lots (id, lot_id) VALUES (7, 'L0T-20251219-002');
INSERT INTO lots (id, lot_id) VALUES (8, 'L0T-20251222-001');
INSERT INTO lots (id, lot_id) VALUES (9, 'L0T-20251223-001');
INSERT INTO lots (id, lot_id) VALUES (10, 'L0T-20251226-002');
INSERT INTO lots (id, lot_id) VALUES (11, 'L0T-20251228-001');
INSERT INTO lots (id, lot_id) VALUES (12, 'L0T-20260101-001');
INSERT INTO lots (id, lot_id) VALUES (13, 'L0T-20260102-001');
INSERT INTO lots (id, lot_id) VALUES (14, 'L0T-20260103-003');
INSERT INTO lots (id, lot_id) VALUES (15, 'L0T-20260104-001');
INSERT INTO lots (id, lot_id) VALUES (16, 'L0T-20260110-003');
INSERT INTO lots (id, lot_id) VALUES (17, 'L0T-20260112-002');
INSERT INTO lots (id, lot_id) VALUES (18, 'L0T-20260113-002');
INSERT INTO lots (id, lot_id) VALUES (19, 'L0T-20260119-001');
INSERT INTO lots (id, lot_id) VALUES (20, 'L0T-20260122-001');
INSERT INTO lots (id, lot_id) VALUES (21, 'LOT 20251215-002');
INSERT INTO lots (id, lot_id) VALUES (22, 'LOT 20251216-003');
INSERT INTO lots (id, lot_id) VALUES (23, 'LOT 20251217 003');
INSERT INTO lots (id, lot_id) VALUES (24, 'LOT 20251217-001');
INSERT INTO lots (id, lot_id) VALUES (25, 'LOT 20251217-002');
INSERT INTO lots (id, lot_id) VALUES (26, 'LOT 20251218 001');
INSERT INTO lots (id, lot_id) VALUES (27, 'LOT 20251218-003');
INSERT INTO lots (id, lot_id) VALUES (28, 'LOT 20251219 001');
INSERT INTO lots (id, lot_id) VALUES (29, 'LOT 20251219 003');
INSERT INTO lots (id, lot_id) VALUES (30, 'LOT 20251219-003');
INSERT INTO lots (id, lot_id) VALUES (31, 'LOT 20251220-002');
INSERT INTO lots (id, lot_id) VALUES (32, 'LOT 20251220-003');
INSERT INTO lots (id, lot_id) VALUES (33, 'LOT 20251222 001');
INSERT INTO lots (id, lot_id) VALUES (34, 'LOT 20251225-001');
INSERT INTO lots (id, lot_id) VALUES (35, 'LOT 20251228 001');
INSERT INTO lots (id, lot_id) VALUES (36, 'LOT 20251231 002');
INSERT INTO lots (id, lot_id) VALUES (37, 'LOT 20251231-001');
INSERT INTO lots (id, lot_id) VALUES (38, 'LOT 20251231-002');
INSERT INTO lots (id, lot_id) VALUES (39, 'LOT 20260102 001');
INSERT INTO lots (id, lot_id) VALUES (40, 'LOT 20260103 001');
INSERT INTO lots (id, lot_id) VALUES (41, 'LOT 20260104 003');
INSERT INTO lots (id, lot_id) VALUES (42, 'LOT 20260104-002');
INSERT INTO lots (id, lot_id) VALUES (43, 'LOT 20260105-003');
INSERT INTO lots (id, lot_id) VALUES (44, 'LOT 20260107 001');
INSERT INTO lots (id, lot_id) VALUES (45, 'LOT 20260107 002');
INSERT INTO lots (id, lot_id) VALUES (46, 'LOT 20260107-001');
INSERT INTO lots (id, lot_id) VALUES (47, 'LOT 20260109-001');
INSERT INTO lots (id, lot_id) VALUES (48, 'LOT 20260111 001');
INSERT INTO lots (id, lot_id) VALUES (49, 'LOT 20260111-001');
INSERT INTO lots (id, lot_id) VALUES (50, 'LOT 20260112-001');
INSERT INTO lots (id, lot_id) VALUES (51, 'LOT 20260113-002');
INSERT INTO lots (id, lot_id) VALUES (52, 'LOT 20260116-003');
INSERT INTO lots (id, lot_id) VALUES (53, 'LOT 20260117 001');
INSERT INTO lots (id, lot_id) VALUES (54, 'LOT 20260118 002');
INSERT INTO lots (id, lot_id) VALUES (55, 'LOT 20260119-001');
INSERT INTO lots (id, lot_id) VALUES (56, 'LOT 20260119-002');
INSERT INTO lots (id, lot_id) VALUES (57, 'LOT 20260120-001');
INSERT INTO lots (id, lot_id) VALUES (58, 'LOT 20260121-002');
INSERT INTO lots (id, lot_id) VALUES (59, 'LOT 20260122-002');
INSERT INTO lots (id, lot_id) VALUES (60, 'LOT 20260123 001');
INSERT INTO lots (id, lot_id) VALUES (61, 'LOT 20260124-001');
INSERT INTO lots (id, lot_id) VALUES (62, 'LOT-20251215-001');
INSERT INTO lots (id, lot_id) VALUES (63, 'LOT-20251215-002');
INSERT INTO lots (id, lot_id) VALUES (64, 'LOT-20251216-001');
INSERT INTO lots (id, lot_id) VALUES (65, 'LOT-20251216-002');
INSERT INTO lots (id, lot_id) VALUES (66, 'LOT-20251217-001');
INSERT INTO lots (id, lot_id) VALUES (67, 'LOT-20251221-003');
INSERT INTO lots (id, lot_id) VALUES (68, 'LOT-20251223-001');
INSERT INTO lots (id, lot_id) VALUES (69, 'LOT-20251224-001');
INSERT INTO lots (id, lot_id) VALUES (70, 'LOT-20251225-001');
INSERT INTO lots (id, lot_id) VALUES (71, 'LOT-20251226-001');
INSERT INTO lots (id, lot_id) VALUES (72, 'LOT-20251231-002');
INSERT INTO lots (id, lot_id) VALUES (73, 'LOT-20260102-001');
INSERT INTO lots (id, lot_id) VALUES (74, 'LOT-20260103-001');
INSERT INTO lots (id, lot_id) VALUES (75, 'LOT-20260103-002');
INSERT INTO lots (id, lot_id) VALUES (76, 'LOT-20260105-003');
INSERT INTO lots (id, lot_id) VALUES (77, 'LOT-20260108-001');
INSERT INTO lots (id, lot_id) VALUES (78, 'LOT-20260108-002');
INSERT INTO lots (id, lot_id) VALUES (79, 'LOT-20260110-001');
INSERT INTO lots (id, lot_id) VALUES (80, 'LOT-20260110-003');
INSERT INTO lots (id, lot_id) VALUES (81, 'LOT-20260111-002');
INSERT INTO lots (id, lot_id) VALUES (82, 'LOT-20260112-001');
INSERT INTO lots (id, lot_id) VALUES (83, 'LOT-20260113-003');
INSERT INTO lots (id, lot_id) VALUES (84, 'LOT-20260116-001');
INSERT INTO lots (id, lot_id) VALUES (85, 'LOT-20260116-002');
INSERT INTO lots (id, lot_id) VALUES (86, 'LOT-20260116-003');
INSERT INTO lots (id, lot_id) VALUES (87, 'LOT-20260118-001');
INSERT INTO lots (id, lot_id) VALUES (88, 'LOT-20260121-002');
INSERT INTO lots (id, lot_id) VALUES (89, 'LOT-20260122-002');
INSERT INTO lots (id, lot_id) VALUES (90, 'LOT-20260122-003');
INSERT INTO lots (id, lot_id) VALUES (91, 'LOT-20260124-001');
INSERT INTO lots (id, lot_id) VALUES (92, 'LOT20251216003');
INSERT INTO lots (id, lot_id) VALUES (93, 'LOT20251219002');
INSERT INTO lots (id, lot_id) VALUES (94, 'LOT20251221001');
INSERT INTO lots (id, lot_id) VALUES (95, 'LOT20251221002');
INSERT INTO lots (id, lot_id) VALUES (96, 'LOT20251221003');
INSERT INTO lots (id, lot_id) VALUES (97, 'LOT20251223001');
INSERT INTO lots (id, lot_id) VALUES (98, 'LOT20251225001');
INSERT INTO lots (id, lot_id) VALUES (99, 'LOT20251227001');
INSERT INTO lots (id, lot_id) VALUES (100, 'LOT20251227002');
INSERT INTO lots (id, lot_id) VALUES (101, 'LOT20251229001');
INSERT INTO lots (id, lot_id) VALUES (102, 'LOT20251230001');
INSERT INTO lots (id, lot_id) VALUES (103, 'LOT20251230002');
INSERT INTO lots (id, lot_id) VALUES (104, 'LOT20260101001');
INSERT INTO lots (id, lot_id) VALUES (105, 'LOT20260107002');
INSERT INTO lots (id, lot_id) VALUES (106, 'LOT20260108001');
INSERT INTO lots (id, lot_id) VALUES (107, 'LOT20260109001');
INSERT INTO lots (id, lot_id) VALUES (108, 'LOT20260110002');
INSERT INTO lots (id, lot_id) VALUES (109, 'LOT20260110003');
INSERT INTO lots (id, lot_id) VALUES (110, 'LOT20260112001');
INSERT INTO lots (id, lot_id) VALUES (111, 'LOT20260113001');
INSERT INTO lots (id, lot_id) VALUES (112, 'LOT20260113002');
INSERT INTO lots (id, lot_id) VALUES (113, 'LOT20260115001');
INSERT INTO lots (id, lot_id) VALUES (114, 'LOT20260116002');
INSERT INTO lots (id, lot_id) VALUES (115, 'LOT20260117001');
INSERT INTO lots (id, lot_id) VALUES (116, 'LOT20260118001');
INSERT INTO lots (id, lot_id) VALUES (117, 'LOT20260118003');
INSERT INTO lots (id, lot_id) VALUES (118, 'LOT20260122001');
INSERT INTO lots (id, lot_id) VALUES (119, 'LOT20260123001');
INSERT INTO lots (id, lot_id) VALUES (120, 'LOT20260124003');
INSERT INTO lots (id, lot_id) VALUES (121, 'LOT_20251215-002');
INSERT INTO lots (id, lot_id) VALUES (122, 'LOT_20251218-001');
INSERT INTO lots (id, lot_id) VALUES (123, 'LOT_20251219-003');
INSERT INTO lots (id, lot_id) VALUES (124, 'LOT_20251220-001');
INSERT INTO lots (id, lot_id) VALUES (125, 'LOT_20251220-003');
INSERT INTO lots (id, lot_id) VALUES (126, 'LOT_20251221-003');
INSERT INTO lots (id, lot_id) VALUES (127, 'LOT_20251224-001');
INSERT INTO lots (id, lot_id) VALUES (128, 'LOT_20251226-001');
INSERT INTO lots (id, lot_id) VALUES (129, 'LOT_20251226-003');
INSERT INTO lots (id, lot_id) VALUES (130, 'LOT_20251230-003');
INSERT INTO lots (id, lot_id) VALUES (131, 'LOT_20260103-001');
INSERT INTO lots (id, lot_id) VALUES (132, 'LOT_20260104-001');
INSERT INTO lots (id, lot_id) VALUES (133, 'LOT_20260104-002');
INSERT INTO lots (id, lot_id) VALUES (134, 'LOT_20260105-002');
INSERT INTO lots (id, lot_id) VALUES (135, 'LOT_20260106-001');
INSERT INTO lots (id, lot_id) VALUES (136, 'LOT_20260108-001');
INSERT INTO lots (id, lot_id) VALUES (137, 'LOT_20260108-002');
INSERT INTO lots (id, lot_id) VALUES (138, 'LOT_20260110-002');
INSERT INTO lots (id, lot_id) VALUES (139, 'LOT_20260112-002');
INSERT INTO lots (id, lot_id) VALUES (140, 'LOT_20260113-003');
INSERT INTO lots (id, lot_id) VALUES (141, 'LOT_20260115-001');
INSERT INTO lots (id, lot_id) VALUES (142, 'LOT_20260118-002');
INSERT INTO lots (id, lot_id) VALUES (143, 'LOT_20260120-001');
INSERT INTO lots (id, lot_id) VALUES (144, 'Lot-20251215-001');
INSERT INTO lots (id, lot_id) VALUES (145, 'Lot-20251216-002');
INSERT INTO lots (id, lot_id) VALUES (146, 'Lot-20251219-001');
INSERT INTO lots (id, lot_id) VALUES (147, 'Lot-20251220-002');
INSERT INTO lots (id, lot_id) VALUES (148, 'Lot-20251220-003');
INSERT INTO lots (id, lot_id) VALUES (149, 'Lot-20251226-001');
INSERT INTO lots (id, lot_id) VALUES (150, 'Lot-20251226-002');
INSERT INTO lots (id, lot_id) VALUES (151, 'Lot-20251227-002');
INSERT INTO lots (id, lot_id) VALUES (152, 'Lot-20260101-001');
INSERT INTO lots (id, lot_id) VALUES (153, 'Lot-20260103-003');
INSERT INTO lots (id, lot_id) VALUES (154, 'Lot-20260104-002');
INSERT INTO lots (id, lot_id) VALUES (155, 'Lot-20260104-003');
INSERT INTO lots (id, lot_id) VALUES (156, 'Lot-20260105-001');
INSERT INTO lots (id, lot_id) VALUES (157, 'Lot-20260105-002');
INSERT INTO lots (id, lot_id) VALUES (158, 'Lot-20260106-001');
INSERT INTO lots (id, lot_id) VALUES (159, 'Lot-20260107-001');
INSERT INTO lots (id, lot_id) VALUES (160, 'Lot-20260109-001');
INSERT INTO lots (id, lot_id) VALUES (161, 'Lot-20260111-001');
INSERT INTO lots (id, lot_id) VALUES (162, 'Lot-20260112-001');
INSERT INTO lots (id, lot_id) VALUES (163, 'Lot-20260115-001');
INSERT INTO lots (id, lot_id) VALUES (164, 'Lot-20260116-003');
INSERT INTO lots (id, lot_id) VALUES (165, 'Lot-20260118-001');
INSERT INTO lots (id, lot_id) VALUES (166, 'Lot-20260121-001');
INSERT INTO lots (id, lot_id) VALUES (167, 'Lot-20260122-002');
INSERT INTO lots (id, lot_id) VALUES (168, 'Lot-20260124-003');

-- ==============================
-- Insert Inspection Records
-- ==============================

INSERT INTO inspection_records (inspection_id, lot_id, defect_id, inspection_date, qty_defects, is_data_complete) VALUES ('INSP-0001', 7, 5, '2025-12-23', 0, TRUE);
INSERT INTO inspection_records (inspection_id, lot_id, defect_id, inspection_date, qty_defects, is_data_complete) VALUES ('INSP-0002', 9, 5, '2025-12-25', 0, TRUE);
INSERT INTO inspection_records (inspection_id, lot_id, defect_id, inspection_date, qty_defects, is_data_complete) VALUES ('INSP-0003', 10, 5, '2025-12-31', 0, TRUE);
INSERT INTO inspection_records (inspection_id, lot_id, defect_id, inspection_date, qty_defects, is_data_complete) VALUES ('INSP-0004', 43, 5, '2026-01-14', 0, TRUE);
INSERT INTO inspection_records (inspection_id, lot_id, defect_id, inspection_date, qty_defects, is_data_complete) VALUES ('INSP-0005', 53, 6, '2026-01-25', 1, TRUE);
INSERT INTO inspection_records (inspection_id, lot_id, defect_id, inspection_date, qty_defects, is_data_complete) VALUES ('INSP-0006', 56, 5, '2026-01-19', 0, TRUE);
INSERT INTO inspection_records (inspection_id, lot_id, defect_id, inspection_date, qty_defects, is_data_complete) VALUES ('INSP-0007', 135, 5, '2026-01-15', 0, TRUE);
INSERT INTO inspection_records (inspection_id, lot_id, defect_id, inspection_date, qty_defects, is_data_complete) VALUES ('INSP-0008', 144, 5, '2025-12-20', 0, TRUE);
INSERT INTO inspection_records (inspection_id, lot_id, defect_id, inspection_date, qty_defects, is_data_complete) VALUES ('INSP-0009', 62, 4, '2025-12-15', 1, TRUE);
INSERT INTO inspection_records (inspection_id, lot_id, defect_id, inspection_date, qty_defects, is_data_complete) VALUES ('INSP-0010', 66, 5, '2025-12-23', 0, TRUE);
INSERT INTO inspection_records (inspection_id, lot_id, defect_id, inspection_date, qty_defects, is_data_complete) VALUES ('INSP-0011', 67, 5, '2025-12-29', 0, TRUE);
INSERT INTO inspection_records (inspection_id, lot_id, defect_id, inspection_date, qty_defects, is_data_complete) VALUES ('INSP-0012', 152, 5, '2026-02-01', 0, TRUE);
INSERT INTO inspection_records (inspection_id, lot_id, defect_id, inspection_date, qty_defects, is_data_complete) VALUES ('INSP-0013', 77, 7, '2026-09-01', 3, TRUE);
INSERT INTO inspection_records (inspection_id, lot_id, defect_id, inspection_date, qty_defects, is_data_complete) VALUES ('INSP-0014', 80, 5, '2026-01-13', 0, TRUE);
INSERT INTO inspection_records (inspection_id, lot_id, defect_id, inspection_date, qty_defects, is_data_complete) VALUES ('INSP-0015', 162, 6, '2026-01-16', 2, TRUE);
INSERT INTO inspection_records (inspection_id, lot_id, defect_id, inspection_date, qty_defects, is_data_complete) VALUES ('INSP-0016', 167, 5, '2026-01-25', 0, TRUE);
INSERT INTO inspection_records (inspection_id, lot_id, defect_id, inspection_date, qty_defects, is_data_complete) VALUES ('INSP-0017', 98, 3, '2025-12-27', 1, TRUE);
INSERT INTO inspection_records (inspection_id, lot_id, defect_id, inspection_date, qty_defects, is_data_complete) VALUES ('INSP-0018', 2, 1, '2025-12-17', 1, TRUE);
INSERT INTO inspection_records (inspection_id, lot_id, defect_id, inspection_date, qty_defects, is_data_complete) VALUES ('INSP-0019', 3, 5, '2025-12-16', 0, TRUE);
INSERT INTO inspection_records (inspection_id, lot_id, defect_id, inspection_date, qty_defects, is_data_complete) VALUES ('INSP-0020', 5, 6, '2025-12-17', 1, TRUE);
INSERT INTO inspection_records (inspection_id, lot_id, defect_id, inspection_date, qty_defects, is_data_complete) VALUES ('INSP-0021', 8, 7, '2025-12-25', 1, TRUE);
INSERT INTO inspection_records (inspection_id, lot_id, defect_id, inspection_date, qty_defects, is_data_complete) VALUES ('INSP-0022', 10, 8, '2025-12-27', 2, TRUE);
INSERT INTO inspection_records (inspection_id, lot_id, defect_id, inspection_date, qty_defects, is_data_complete) VALUES ('INSP-0023', 12, 5, '2026-04-01', 0, TRUE);
INSERT INTO inspection_records (inspection_id, lot_id, defect_id, inspection_date, qty_defects, is_data_complete) VALUES ('INSP-0024', 17, 5, '2026-01-19', 0, TRUE);
INSERT INTO inspection_records (inspection_id, lot_id, defect_id, inspection_date, qty_defects, is_data_complete) VALUES ('INSP-0025', 18, 4, '2026-01-18', 1, TRUE);
INSERT INTO inspection_records (inspection_id, lot_id, defect_id, inspection_date, qty_defects, is_data_complete) VALUES ('INSP-0026', 19, 5, '2026-01-29', 0, TRUE);
INSERT INTO inspection_records (inspection_id, lot_id, defect_id, inspection_date, qty_defects, is_data_complete) VALUES ('INSP-0027', 20, 7, '2026-01-24', 1, TRUE);
INSERT INTO inspection_records (inspection_id, lot_id, defect_id, inspection_date, qty_defects, is_data_complete) VALUES ('INSP-0028', 25, 5, '2025-12-23', 0, TRUE);
INSERT INTO inspection_records (inspection_id, lot_id, defect_id, inspection_date, qty_defects, is_data_complete) VALUES ('INSP-0029', 27, 5, '2025-12-19', 0, TRUE);
INSERT INTO inspection_records (inspection_id, lot_id, defect_id, inspection_date, qty_defects, is_data_complete) VALUES ('INSP-0030', 30, 5, '2025-12-20', 0, TRUE);
INSERT INTO inspection_records (inspection_id, lot_id, defect_id, inspection_date, qty_defects, is_data_complete) VALUES ('INSP-0031', 31, 5, '2025-12-25', 0, TRUE);
INSERT INTO inspection_records (inspection_id, lot_id, defect_id, inspection_date, qty_defects, is_data_complete) VALUES ('INSP-0032', 33, 2, '2025-12-31', 1, TRUE);
INSERT INTO inspection_records (inspection_id, lot_id, defect_id, inspection_date, qty_defects, is_data_complete) VALUES ('INSP-0033', 33, 2, '2025-12-31', 1, TRUE);
INSERT INTO inspection_records (inspection_id, lot_id, defect_id, inspection_date, qty_defects, is_data_complete) VALUES ('INSP-0034', 34, 5, '2025-12-28', 0, TRUE);
INSERT INTO inspection_records (inspection_id, lot_id, defect_id, inspection_date, qty_defects, is_data_complete) VALUES ('INSP-0035', 35, 6, '2026-01-01', 1, TRUE);
INSERT INTO inspection_records (inspection_id, lot_id, defect_id, inspection_date, qty_defects, is_data_complete) VALUES ('INSP-0036', 35, 4, '2025-12-28', 1, TRUE);
INSERT INTO inspection_records (inspection_id, lot_id, defect_id, inspection_date, qty_defects, is_data_complete) VALUES ('INSP-0037', 38, 5, '2026-01-01', 0, TRUE);
INSERT INTO inspection_records (inspection_id, lot_id, defect_id, inspection_date, qty_defects, is_data_complete) VALUES ('INSP-0038', 40, 5, '2026-11-01', 0, TRUE);
INSERT INTO inspection_records (inspection_id, lot_id, defect_id, inspection_date, qty_defects, is_data_complete) VALUES ('INSP-0039', 46, 8, '2026-09-01', 1, TRUE);
INSERT INTO inspection_records (inspection_id, lot_id, defect_id, inspection_date, qty_defects, is_data_complete) VALUES ('INSP-0040', 47, 5, '2026-11-01', 0, TRUE);
INSERT INTO inspection_records (inspection_id, lot_id, defect_id, inspection_date, qty_defects, is_data_complete) VALUES ('INSP-0041', 49, 5, '2026-01-13', 0, TRUE);
INSERT INTO inspection_records (inspection_id, lot_id, defect_id, inspection_date, qty_defects, is_data_complete) VALUES ('INSP-0042', 50, 8, '2026-01-18', 1, TRUE);
INSERT INTO inspection_records (inspection_id, lot_id, defect_id, inspection_date, qty_defects, is_data_complete) VALUES ('INSP-0043', 51, 2, '2026-01-14', 2, TRUE);
INSERT INTO inspection_records (inspection_id, lot_id, defect_id, inspection_date, qty_defects, is_data_complete) VALUES ('INSP-0044', 55, 8, '2026-01-24', 1, TRUE);
INSERT INTO inspection_records (inspection_id, lot_id, defect_id, inspection_date, qty_defects, is_data_complete) VALUES ('INSP-0045', 57, 5, '2026-01-20', 0, TRUE);
INSERT INTO inspection_records (inspection_id, lot_id, defect_id, inspection_date, qty_defects, is_data_complete) VALUES ('INSP-0046', 60, 2, '2026-01-26', 2, TRUE);
INSERT INTO inspection_records (inspection_id, lot_id, defect_id, inspection_date, qty_defects, is_data_complete) VALUES ('INSP-0047', 60, 2, '2026-01-26', 2, TRUE);
INSERT INTO inspection_records (inspection_id, lot_id, defect_id, inspection_date, qty_defects, is_data_complete) VALUES ('INSP-0048', 61, 5, '2026-01-31', 0, TRUE);
INSERT INTO inspection_records (inspection_id, lot_id, defect_id, inspection_date, qty_defects, is_data_complete) VALUES ('INSP-0049', 121, 5, '2025-12-17', 0, TRUE);
INSERT INTO inspection_records (inspection_id, lot_id, defect_id, inspection_date, qty_defects, is_data_complete) VALUES ('INSP-0050', 122, 5, '2025-12-19', 0, TRUE);
INSERT INTO inspection_records (inspection_id, lot_id, defect_id, inspection_date, qty_defects, is_data_complete) VALUES ('INSP-0051', 127, 6, '2025-12-27', 1, TRUE);
INSERT INTO inspection_records (inspection_id, lot_id, defect_id, inspection_date, qty_defects, is_data_complete) VALUES ('INSP-0052', 128, 5, '2025-12-28', 0, TRUE);
INSERT INTO inspection_records (inspection_id, lot_id, defect_id, inspection_date, qty_defects, is_data_complete) VALUES ('INSP-0053', 128, 5, '2025-12-28', 0, TRUE);
INSERT INTO inspection_records (inspection_id, lot_id, defect_id, inspection_date, qty_defects, is_data_complete) VALUES ('INSP-0054', 129, 5, '2025-12-28', 0, TRUE);
INSERT INTO inspection_records (inspection_id, lot_id, defect_id, inspection_date, qty_defects, is_data_complete) VALUES ('INSP-0055', 130, 4, '2026-02-01', 5, TRUE);
INSERT INTO inspection_records (inspection_id, lot_id, defect_id, inspection_date, qty_defects, is_data_complete) VALUES ('INSP-0056', 134, 4, '2026-01-14', 1, TRUE);
INSERT INTO inspection_records (inspection_id, lot_id, defect_id, inspection_date, qty_defects, is_data_complete) VALUES ('INSP-0057', 136, 1, '2026-01-18', 3, TRUE);
INSERT INTO inspection_records (inspection_id, lot_id, defect_id, inspection_date, qty_defects, is_data_complete) VALUES ('INSP-0058', 137, 5, '2026-01-14', 0, TRUE);
INSERT INTO inspection_records (inspection_id, lot_id, defect_id, inspection_date, qty_defects, is_data_complete) VALUES ('INSP-0059', 138, 6, '2026-11-01', 1, TRUE);
INSERT INTO inspection_records (inspection_id, lot_id, defect_id, inspection_date, qty_defects, is_data_complete) VALUES ('INSP-0060', 63, 3, '2025-12-24', 1, TRUE);
INSERT INTO inspection_records (inspection_id, lot_id, defect_id, inspection_date, qty_defects, is_data_complete) VALUES ('INSP-0061', 145, 5, '2025-12-25', 0, TRUE);
INSERT INTO inspection_records (inspection_id, lot_id, defect_id, inspection_date, qty_defects, is_data_complete) VALUES ('INSP-0062', 146, 5, '2025-12-24', 0, TRUE);
INSERT INTO inspection_records (inspection_id, lot_id, defect_id, inspection_date, qty_defects, is_data_complete) VALUES ('INSP-0063', 148, 5, '2025-12-28', 0, TRUE);
INSERT INTO inspection_records (inspection_id, lot_id, defect_id, inspection_date, qty_defects, is_data_complete) VALUES ('INSP-0064', 68, 7, '2025-12-28', 1, TRUE);
INSERT INTO inspection_records (inspection_id, lot_id, defect_id, inspection_date, qty_defects, is_data_complete) VALUES ('INSP-0065', 149, 6, '2026-01-01', 2, TRUE);
INSERT INTO inspection_records (inspection_id, lot_id, defect_id, inspection_date, qty_defects, is_data_complete) VALUES ('INSP-0066', 149, 6, '2026-01-01', 2, TRUE);
INSERT INTO inspection_records (inspection_id, lot_id, defect_id, inspection_date, qty_defects, is_data_complete) VALUES ('INSP-0067', 151, 8, '2025-12-29', 1, TRUE);
INSERT INTO inspection_records (inspection_id, lot_id, defect_id, inspection_date, qty_defects, is_data_complete) VALUES ('INSP-0068', 72, 2, '2026-10-01', 2, TRUE);
INSERT INTO inspection_records (inspection_id, lot_id, defect_id, inspection_date, qty_defects, is_data_complete) VALUES ('INSP-0069', 73, 5, '2026-09-01', 0, TRUE);
INSERT INTO inspection_records (inspection_id, lot_id, defect_id, inspection_date, qty_defects, is_data_complete) VALUES ('INSP-0070', 74, 5, '2026-04-01', 0, TRUE);
INSERT INTO inspection_records (inspection_id, lot_id, defect_id, inspection_date, qty_defects, is_data_complete) VALUES ('INSP-0071', 75, 5, '2026-04-01', 0, TRUE);
INSERT INTO inspection_records (inspection_id, lot_id, defect_id, inspection_date, qty_defects, is_data_complete) VALUES ('INSP-0072', 153, 5, '2026-07-01', 0, TRUE);
INSERT INTO inspection_records (inspection_id, lot_id, defect_id, inspection_date, qty_defects, is_data_complete) VALUES ('INSP-0073', 154, 5, '2026-01-13', 0, TRUE);
INSERT INTO inspection_records (inspection_id, lot_id, defect_id, inspection_date, qty_defects, is_data_complete) VALUES ('INSP-0074', 154, 5, '2026-01-13', 0, TRUE);
INSERT INTO inspection_records (inspection_id, lot_id, defect_id, inspection_date, qty_defects, is_data_complete) VALUES ('INSP-0075', 155, 5, '2026-08-01', 0, TRUE);
INSERT INTO inspection_records (inspection_id, lot_id, defect_id, inspection_date, qty_defects, is_data_complete) VALUES ('INSP-0076', 76, 5, '2026-12-01', 0, TRUE);
INSERT INTO inspection_records (inspection_id, lot_id, defect_id, inspection_date, qty_defects, is_data_complete) VALUES ('INSP-0077', 76, 5, '2026-12-01', 0, TRUE);
INSERT INTO inspection_records (inspection_id, lot_id, defect_id, inspection_date, qty_defects, is_data_complete) VALUES ('INSP-0078', 159, 3, '2026-07-01', 1, TRUE);
INSERT INTO inspection_records (inspection_id, lot_id, defect_id, inspection_date, qty_defects, is_data_complete) VALUES ('INSP-0079', 78, 8, '2026-01-13', 1, TRUE);
INSERT INTO inspection_records (inspection_id, lot_id, defect_id, inspection_date, qty_defects, is_data_complete) VALUES ('INSP-0080', 78, 8, '2026-01-13', 1, TRUE);
INSERT INTO inspection_records (inspection_id, lot_id, defect_id, inspection_date, qty_defects, is_data_complete) VALUES ('INSP-0081', 79, 5, '2026-01-17', 0, TRUE);
INSERT INTO inspection_records (inspection_id, lot_id, defect_id, inspection_date, qty_defects, is_data_complete) VALUES ('INSP-0082', 79, 5, '2026-01-17', 0, TRUE);
INSERT INTO inspection_records (inspection_id, lot_id, defect_id, inspection_date, qty_defects, is_data_complete) VALUES ('INSP-0083', 79, 5, '2026-01-15', 0, TRUE);
INSERT INTO inspection_records (inspection_id, lot_id, defect_id, inspection_date, qty_defects, is_data_complete) VALUES ('INSP-0084', 161, 5, '2026-01-19', 0, TRUE);
INSERT INTO inspection_records (inspection_id, lot_id, defect_id, inspection_date, qty_defects, is_data_complete) VALUES ('INSP-0085', 161, 5, '2026-01-19', 0, TRUE);
INSERT INTO inspection_records (inspection_id, lot_id, defect_id, inspection_date, qty_defects, is_data_complete) VALUES ('INSP-0086', 81, 5, '2026-01-17', 0, TRUE);
INSERT INTO inspection_records (inspection_id, lot_id, defect_id, inspection_date, qty_defects, is_data_complete) VALUES ('INSP-0087', 83, 8, '2026-01-23', 1, TRUE);
INSERT INTO inspection_records (inspection_id, lot_id, defect_id, inspection_date, qty_defects, is_data_complete) VALUES ('INSP-0088', 86, 1, '2026-01-18', 1, TRUE);
INSERT INTO inspection_records (inspection_id, lot_id, defect_id, inspection_date, qty_defects, is_data_complete) VALUES ('INSP-0089', 86, 1, '2026-01-18', 1, TRUE);
INSERT INTO inspection_records (inspection_id, lot_id, defect_id, inspection_date, qty_defects, is_data_complete) VALUES ('INSP-0090', 87, 1, '2026-01-28', 1, TRUE);
INSERT INTO inspection_records (inspection_id, lot_id, defect_id, inspection_date, qty_defects, is_data_complete) VALUES ('INSP-0091', 88, 3, '2026-01-21', 2, TRUE);
INSERT INTO inspection_records (inspection_id, lot_id, defect_id, inspection_date, qty_defects, is_data_complete) VALUES ('INSP-0092', 89, 6, '2026-01-25', 1, TRUE);
INSERT INTO inspection_records (inspection_id, lot_id, defect_id, inspection_date, qty_defects, is_data_complete) VALUES ('INSP-0093', 168, 5, '2026-01-31', 0, TRUE);
INSERT INTO inspection_records (inspection_id, lot_id, defect_id, inspection_date, qty_defects, is_data_complete) VALUES ('INSP-0094', 92, 5, '2025-12-23', 0, TRUE);
INSERT INTO inspection_records (inspection_id, lot_id, defect_id, inspection_date, qty_defects, is_data_complete) VALUES ('INSP-0095', 93, 3, '2025-12-19', 1, TRUE);
INSERT INTO inspection_records (inspection_id, lot_id, defect_id, inspection_date, qty_defects, is_data_complete) VALUES ('INSP-0096', 95, 4, '2025-12-25', 3, TRUE);
INSERT INTO inspection_records (inspection_id, lot_id, defect_id, inspection_date, qty_defects, is_data_complete) VALUES ('INSP-0097', 103, 5, '2026-02-01', 0, TRUE);
INSERT INTO inspection_records (inspection_id, lot_id, defect_id, inspection_date, qty_defects, is_data_complete) VALUES ('INSP-0098', 105, 6, '2026-01-16', 1, TRUE);
INSERT INTO inspection_records (inspection_id, lot_id, defect_id, inspection_date, qty_defects, is_data_complete) VALUES ('INSP-0099', 108, 1, '2026-10-01', 2, TRUE);
INSERT INTO inspection_records (inspection_id, lot_id, defect_id, inspection_date, qty_defects, is_data_complete) VALUES ('INSP-0100', 109, 5, '2026-01-19', 0, TRUE);
INSERT INTO inspection_records (inspection_id, lot_id, defect_id, inspection_date, qty_defects, is_data_complete) VALUES ('INSP-0101', 113, 6, '2026-01-23', 1, TRUE);
INSERT INTO inspection_records (inspection_id, lot_id, defect_id, inspection_date, qty_defects, is_data_complete) VALUES ('INSP-0102', 114, 5, '2026-01-24', 0, TRUE);
INSERT INTO inspection_records (inspection_id, lot_id, defect_id, inspection_date, qty_defects, is_data_complete) VALUES ('INSP-0103', 118, 5, '2026-01-02', 0, TRUE);
INSERT INTO inspection_records (inspection_id, lot_id, defect_id, inspection_date, qty_defects, is_data_complete) VALUES ('INSP-0104', 119, 5, '2026-01-27', 0, TRUE);
INSERT INTO inspection_records (inspection_id, lot_id, defect_id, inspection_date, qty_defects, is_data_complete) VALUES ('INSP-0105', 137, 5, '2026-01-14', 0, TRUE);
INSERT INTO inspection_records (inspection_id, lot_id, defect_id, inspection_date, qty_defects, is_data_complete) VALUES ('INSP-0106', 36, 8, '2026-01-05', 4, TRUE);
INSERT INTO inspection_records (inspection_id, lot_id, defect_id, inspection_date, qty_defects, is_data_complete) VALUES ('INSP-0107', 123, 5, '2025-12-27', 0, TRUE);
INSERT INTO inspection_records (inspection_id, lot_id, defect_id, inspection_date, qty_defects, is_data_complete) VALUES ('INSP-0108', 147, 8, '2025-12-30', 4, TRUE);
INSERT INTO inspection_records (inspection_id, lot_id, defect_id, inspection_date, qty_defects, is_data_complete) VALUES ('INSP-0109', 64, 5, '2025-12-20', 0, TRUE);
INSERT INTO inspection_records (inspection_id, lot_id, defect_id, inspection_date, qty_defects, is_data_complete) VALUES ('INSP-0110', 143, 5, '2026-01-28', 0, TRUE);
INSERT INTO inspection_records (inspection_id, lot_id, defect_id, inspection_date, qty_defects, is_data_complete) VALUES ('INSP-0111', 165, 1, '2026-01-23', 2, TRUE);
INSERT INTO inspection_records (inspection_id, lot_id, defect_id, inspection_date, qty_defects, is_data_complete) VALUES ('INSP-0112', 99, 5, '2026-01-04', 0, TRUE);
INSERT INTO inspection_records (inspection_id, lot_id, defect_id, inspection_date, qty_defects, is_data_complete) VALUES ('INSP-0113', 58, 5, '2026-01-24', 0, TRUE);
INSERT INTO inspection_records (inspection_id, lot_id, defect_id, inspection_date, qty_defects, is_data_complete) VALUES ('INSP-0114', 80, 1, '2026-01-14', 1, TRUE);
INSERT INTO inspection_records (inspection_id, lot_id, defect_id, inspection_date, qty_defects, is_data_complete) VALUES ('INSP-0115', 4, 3, '2025-12-22', 4, TRUE);
INSERT INTO inspection_records (inspection_id, lot_id, defect_id, inspection_date, qty_defects, is_data_complete) VALUES ('INSP-0116', 110, 8, '2026-01-12', 2, TRUE);
INSERT INTO inspection_records (inspection_id, lot_id, defect_id, inspection_date, qty_defects, is_data_complete) VALUES ('INSP-0117', 165, 1, '2026-01-23', 2, TRUE);
INSERT INTO inspection_records (inspection_id, lot_id, defect_id, inspection_date, qty_defects, is_data_complete) VALUES ('INSP-0118', 93, 6, '2025-12-27', 1, TRUE);
INSERT INTO inspection_records (inspection_id, lot_id, defect_id, inspection_date, qty_defects, is_data_complete) VALUES ('INSP-0119', 152, 8, '2026-01-11', 3, TRUE);
INSERT INTO inspection_records (inspection_id, lot_id, defect_id, inspection_date, qty_defects, is_data_complete) VALUES ('INSP-0120', 133, 5, '2026-01-11', 0, TRUE);
INSERT INTO inspection_records (inspection_id, lot_id, defect_id, inspection_date, qty_defects, is_data_complete) VALUES ('INSP-0121', 71, 5, '2025-12-31', 0, TRUE);
INSERT INTO inspection_records (inspection_id, lot_id, defect_id, inspection_date, qty_defects, is_data_complete) VALUES ('INSP-0122', 160, 3, '2026-01-13', 1, TRUE);
INSERT INTO inspection_records (inspection_id, lot_id, defect_id, inspection_date, qty_defects, is_data_complete) VALUES ('INSP-0123', 157, 6, '2026-01-10', 3, TRUE);
INSERT INTO inspection_records (inspection_id, lot_id, defect_id, inspection_date, qty_defects, is_data_complete) VALUES ('INSP-0124', 116, 5, '2026-01-18', 0, TRUE);
INSERT INTO inspection_records (inspection_id, lot_id, defect_id, inspection_date, qty_defects, is_data_complete) VALUES ('INSP-0125', 117, 5, '2026-01-18', 0, TRUE);
INSERT INTO inspection_records (inspection_id, lot_id, defect_id, inspection_date, qty_defects, is_data_complete) VALUES ('INSP-0126', 93, 5, '2025-12-29', 0, TRUE);
INSERT INTO inspection_records (inspection_id, lot_id, defect_id, inspection_date, qty_defects, is_data_complete) VALUES ('INSP-0127', 42, 1, '2026-01-06', 3, TRUE);
INSERT INTO inspection_records (inspection_id, lot_id, defect_id, inspection_date, qty_defects, is_data_complete) VALUES ('INSP-0128', 150, 5, '2025-12-27', 0, TRUE);
INSERT INTO inspection_records (inspection_id, lot_id, defect_id, inspection_date, qty_defects, is_data_complete) VALUES ('INSP-0129', 82, 3, '2026-01-21', 2, TRUE);
INSERT INTO inspection_records (inspection_id, lot_id, defect_id, inspection_date, qty_defects, is_data_complete) VALUES ('INSP-0130', 16, 5, '2026-01-20', 0, TRUE);
INSERT INTO inspection_records (inspection_id, lot_id, defect_id, inspection_date, qty_defects, is_data_complete) VALUES ('INSP-0131', 142, 5, '2026-01-21', 0, TRUE);
INSERT INTO inspection_records (inspection_id, lot_id, defect_id, inspection_date, qty_defects, is_data_complete) VALUES ('INSP-0132', 120, 5, '2026-02-02', 0, TRUE);
INSERT INTO inspection_records (inspection_id, lot_id, defect_id, inspection_date, qty_defects, is_data_complete) VALUES ('INSP-0133', 115, 1, '2026-01-22', 1, TRUE);
INSERT INTO inspection_records (inspection_id, lot_id, defect_id, inspection_date, qty_defects, is_data_complete) VALUES ('INSP-0134', 22, 5, '2025-12-26', 0, TRUE);
INSERT INTO inspection_records (inspection_id, lot_id, defect_id, inspection_date, qty_defects, is_data_complete) VALUES ('INSP-0135', 132, 2, '2026-01-04', 2, TRUE);
INSERT INTO inspection_records (inspection_id, lot_id, defect_id, inspection_date, qty_defects, is_data_complete) VALUES ('INSP-0136', 48, 5, '2026-01-15', 0, TRUE);
INSERT INTO inspection_records (inspection_id, lot_id, defect_id, inspection_date, qty_defects, is_data_complete) VALUES ('INSP-0137', 119, 5, '2026-01-27', 0, TRUE);
INSERT INTO inspection_records (inspection_id, lot_id, defect_id, inspection_date, qty_defects, is_data_complete) VALUES ('INSP-0138', 101, 5, '2026-01-08', 0, TRUE);
INSERT INTO inspection_records (inspection_id, lot_id, defect_id, inspection_date, qty_defects, is_data_complete) VALUES ('INSP-0139', 75, 5, '2026-01-13', 0, TRUE);
INSERT INTO inspection_records (inspection_id, lot_id, defect_id, inspection_date, qty_defects, is_data_complete) VALUES ('INSP-0140', 133, 5, '2026-01-11', 0, TRUE);
INSERT INTO inspection_records (inspection_id, lot_id, defect_id, inspection_date, qty_defects, is_data_complete) VALUES ('INSP-0141', 21, 6, '2025-12-25', 1, TRUE);
INSERT INTO inspection_records (inspection_id, lot_id, defect_id, inspection_date, qty_defects, is_data_complete) VALUES ('INSP-0142', 24, 2, '2025-12-20', 4, TRUE);
INSERT INTO inspection_records (inspection_id, lot_id, defect_id, inspection_date, qty_defects, is_data_complete) VALUES ('INSP-0143', 8, 2, '2025-12-26', 2, TRUE);
INSERT INTO inspection_records (inspection_id, lot_id, defect_id, inspection_date, qty_defects, is_data_complete) VALUES ('INSP-0144', 111, 5, '2026-01-18', 0, TRUE);
INSERT INTO inspection_records (inspection_id, lot_id, defect_id, inspection_date, qty_defects, is_data_complete) VALUES ('INSP-0145', 14, 1, '2026-01-03', 1, TRUE);
INSERT INTO inspection_records (inspection_id, lot_id, defect_id, inspection_date, qty_defects, is_data_complete) VALUES ('INSP-0146', 64, 5, '2025-12-17', 0, TRUE);
INSERT INTO inspection_records (inspection_id, lot_id, defect_id, inspection_date, qty_defects, is_data_complete) VALUES ('INSP-0147', 94, 5, '2025-12-24', 0, TRUE);
INSERT INTO inspection_records (inspection_id, lot_id, defect_id, inspection_date, qty_defects, is_data_complete) VALUES ('INSP-0148', 69, 2, '2025-12-30', 1, TRUE);
INSERT INTO inspection_records (inspection_id, lot_id, defect_id, inspection_date, qty_defects, is_data_complete) VALUES ('INSP-0149', 131, 5, '2026-01-13', 0, TRUE);
INSERT INTO inspection_records (inspection_id, lot_id, defect_id, inspection_date, qty_defects, is_data_complete) VALUES ('INSP-0150', 96, 4, '2025-12-23', 1, TRUE);
INSERT INTO inspection_records (inspection_id, lot_id, defect_id, inspection_date, qty_defects, is_data_complete) VALUES ('INSP-0151', 119, 1, '2026-01-30', 1, TRUE);
INSERT INTO inspection_records (inspection_id, lot_id, defect_id, inspection_date, qty_defects, is_data_complete) VALUES ('INSP-0152', 163, 5, '2026-01-21', 0, TRUE);
INSERT INTO inspection_records (inspection_id, lot_id, defect_id, inspection_date, qty_defects, is_data_complete) VALUES ('INSP-0153', 16, 5, '2026-01-20', 0, TRUE);
INSERT INTO inspection_records (inspection_id, lot_id, defect_id, inspection_date, qty_defects, is_data_complete) VALUES ('INSP-0154', 137, 5, '2026-01-14', 0, TRUE);
INSERT INTO inspection_records (inspection_id, lot_id, defect_id, inspection_date, qty_defects, is_data_complete) VALUES ('INSP-0155', 13, 1, '2026-01-05', 1, TRUE);
INSERT INTO inspection_records (inspection_id, lot_id, defect_id, inspection_date, qty_defects, is_data_complete) VALUES ('INSP-0156', 1, 5, '2025-12-16', 0, TRUE);
INSERT INTO inspection_records (inspection_id, lot_id, defect_id, inspection_date, qty_defects, is_data_complete) VALUES ('INSP-0157', 37, 5, '2026-01-01', 0, TRUE);
INSERT INTO inspection_records (inspection_id, lot_id, defect_id, inspection_date, qty_defects, is_data_complete) VALUES ('INSP-0158', 150, 5, '2025-12-27', 0, TRUE);
INSERT INTO inspection_records (inspection_id, lot_id, defect_id, inspection_date, qty_defects, is_data_complete) VALUES ('INSP-0159', 6, 5, '2025-12-29', 0, TRUE);
INSERT INTO inspection_records (inspection_id, lot_id, defect_id, inspection_date, qty_defects, is_data_complete) VALUES ('INSP-0160', 166, 5, '2026-01-29', 0, TRUE);
INSERT INTO inspection_records (inspection_id, lot_id, defect_id, inspection_date, qty_defects, is_data_complete) VALUES ('INSP-0161', 84, 5, '2026-01-23', 0, TRUE);
INSERT INTO inspection_records (inspection_id, lot_id, defect_id, inspection_date, qty_defects, is_data_complete) VALUES ('INSP-0162', 70, 5, '2025-12-27', 0, TRUE);
INSERT INTO inspection_records (inspection_id, lot_id, defect_id, inspection_date, qty_defects, is_data_complete) VALUES ('INSP-0163', 157, 6, '2026-01-10', 3, TRUE);
INSERT INTO inspection_records (inspection_id, lot_id, defect_id, inspection_date, qty_defects, is_data_complete) VALUES ('INSP-0164', 97, 4, '2025-12-24', 1, TRUE);
INSERT INTO inspection_records (inspection_id, lot_id, defect_id, inspection_date, qty_defects, is_data_complete) VALUES ('INSP-0165', 91, 1, '2026-01-30', 2, TRUE);
INSERT INTO inspection_records (inspection_id, lot_id, defect_id, inspection_date, qty_defects, is_data_complete) VALUES ('INSP-0166', 112, 7, '2026-01-16', 2, TRUE);
INSERT INTO inspection_records (inspection_id, lot_id, defect_id, inspection_date, qty_defects, is_data_complete) VALUES ('INSP-0167', 124, 6, '2025-12-21', 2, TRUE);
INSERT INTO inspection_records (inspection_id, lot_id, defect_id, inspection_date, qty_defects, is_data_complete) VALUES ('INSP-0168', 32, 1, '2025-12-22', 3, TRUE);
INSERT INTO inspection_records (inspection_id, lot_id, defect_id, inspection_date, qty_defects, is_data_complete) VALUES ('INSP-0169', 15, 5, '2026-01-13', 0, TRUE);
INSERT INTO inspection_records (inspection_id, lot_id, defect_id, inspection_date, qty_defects, is_data_complete) VALUES ('INSP-0170', 112, 7, '2026-01-16', 2, TRUE);
INSERT INTO inspection_records (inspection_id, lot_id, defect_id, inspection_date, qty_defects, is_data_complete) VALUES ('INSP-0171', 28, 5, '2025-12-27', 0, TRUE);
INSERT INTO inspection_records (inspection_id, lot_id, defect_id, inspection_date, qty_defects, is_data_complete) VALUES ('INSP-0172', 158, 8, '2026-01-15', 1, TRUE);
INSERT INTO inspection_records (inspection_id, lot_id, defect_id, inspection_date, qty_defects, is_data_complete) VALUES ('INSP-0173', 41, 2, '2026-01-07', 2, TRUE);
INSERT INTO inspection_records (inspection_id, lot_id, defect_id, inspection_date, qty_defects, is_data_complete) VALUES ('INSP-0174', 11, 6, '2026-01-01', 1, TRUE);
INSERT INTO inspection_records (inspection_id, lot_id, defect_id, inspection_date, qty_defects, is_data_complete) VALUES ('INSP-0175', 140, 5, '2026-01-16', 0, TRUE);
INSERT INTO inspection_records (inspection_id, lot_id, defect_id, inspection_date, qty_defects, is_data_complete) VALUES ('INSP-0176', 107, 2, '2026-01-15', 1, TRUE);
INSERT INTO inspection_records (inspection_id, lot_id, defect_id, inspection_date, qty_defects, is_data_complete) VALUES ('INSP-0177', 44, 5, '2026-01-17', 0, TRUE);
INSERT INTO inspection_records (inspection_id, lot_id, defect_id, inspection_date, qty_defects, is_data_complete) VALUES ('INSP-0178', 106, 5, '2026-01-10', 0, TRUE);
INSERT INTO inspection_records (inspection_id, lot_id, defect_id, inspection_date, qty_defects, is_data_complete) VALUES ('INSP-0179', 103, 6, '2026-01-09', 1, TRUE);
INSERT INTO inspection_records (inspection_id, lot_id, defect_id, inspection_date, qty_defects, is_data_complete) VALUES ('INSP-0180', 76, 7, '2026-01-06', 1, TRUE);
INSERT INTO inspection_records (inspection_id, lot_id, defect_id, inspection_date, qty_defects, is_data_complete) VALUES ('INSP-0181', 58, 5, '2026-01-24', 0, TRUE);
INSERT INTO inspection_records (inspection_id, lot_id, defect_id, inspection_date, qty_defects, is_data_complete) VALUES ('INSP-0182', 65, 5, '2025-12-16', 0, TRUE);
INSERT INTO inspection_records (inspection_id, lot_id, defect_id, inspection_date, qty_defects, is_data_complete) VALUES ('INSP-0183', 85, 5, '2026-01-17', 0, TRUE);
INSERT INTO inspection_records (inspection_id, lot_id, defect_id, inspection_date, qty_defects, is_data_complete) VALUES ('INSP-0184', 52, 5, '2026-01-24', 0, TRUE);
INSERT INTO inspection_records (inspection_id, lot_id, defect_id, inspection_date, qty_defects, is_data_complete) VALUES ('INSP-0185', 23, 3, '2025-12-19', 1, TRUE);
INSERT INTO inspection_records (inspection_id, lot_id, defect_id, inspection_date, qty_defects, is_data_complete) VALUES ('INSP-0186', 141, 5, '2026-01-20', 0, TRUE);
INSERT INTO inspection_records (inspection_id, lot_id, defect_id, inspection_date, qty_defects, is_data_complete) VALUES ('INSP-0187', 59, 4, '2026-01-31', 1, TRUE);
INSERT INTO inspection_records (inspection_id, lot_id, defect_id, inspection_date, qty_defects, is_data_complete) VALUES ('INSP-0188', 54, 5, '2026-01-18', 0, TRUE);
INSERT INTO inspection_records (inspection_id, lot_id, defect_id, inspection_date, qty_defects, is_data_complete) VALUES ('INSP-0189', 29, 5, '2025-12-19', 0, TRUE);
INSERT INTO inspection_records (inspection_id, lot_id, defect_id, inspection_date, qty_defects, is_data_complete) VALUES ('INSP-0190', 104, 7, '2026-01-03', 1, TRUE);
INSERT INTO inspection_records (inspection_id, lot_id, defect_id, inspection_date, qty_defects, is_data_complete) VALUES ('INSP-0191', 156, 5, '2026-01-14', 0, TRUE);
INSERT INTO inspection_records (inspection_id, lot_id, defect_id, inspection_date, qty_defects, is_data_complete) VALUES ('INSP-0192', 90, 8, '2026-01-24', 1, TRUE);
INSERT INTO inspection_records (inspection_id, lot_id, defect_id, inspection_date, qty_defects, is_data_complete) VALUES ('INSP-0193', 26, 6, '2025-12-19', 1, TRUE);
INSERT INTO inspection_records (inspection_id, lot_id, defect_id, inspection_date, qty_defects, is_data_complete) VALUES ('INSP-0194', 92, 5, '2025-12-20', 0, TRUE);
INSERT INTO inspection_records (inspection_id, lot_id, defect_id, inspection_date, qty_defects, is_data_complete) VALUES ('INSP-0195', 102, 5, '2025-12-30', 0, TRUE);
INSERT INTO inspection_records (inspection_id, lot_id, defect_id, inspection_date, qty_defects, is_data_complete) VALUES ('INSP-0196', 126, 5, '2025-12-30', 0, TRUE);
INSERT INTO inspection_records (inspection_id, lot_id, defect_id, inspection_date, qty_defects, is_data_complete) VALUES ('INSP-0197', 45, 5, '2026-01-15', 0, TRUE);
INSERT INTO inspection_records (inspection_id, lot_id, defect_id, inspection_date, qty_defects, is_data_complete) VALUES ('INSP-0198', 139, 8, '2026-01-21', 1, TRUE);
INSERT INTO inspection_records (inspection_id, lot_id, defect_id, inspection_date, qty_defects, is_data_complete) VALUES ('INSP-0199', 100, 5, '2025-12-31', 0, TRUE);
INSERT INTO inspection_records (inspection_id, lot_id, defect_id, inspection_date, qty_defects, is_data_complete) VALUES ('INSP-0200', 164, 1, '2026-01-22', 1, TRUE);
INSERT INTO inspection_records (inspection_id, lot_id, defect_id, inspection_date, qty_defects, is_data_complete) VALUES ('INSP-0201', 134, 5, '2026-01-09', 0, TRUE);
INSERT INTO inspection_records (inspection_id, lot_id, defect_id, inspection_date, qty_defects, is_data_complete) VALUES ('INSP-0202', 125, 1, '2025-12-28', 1, TRUE);
INSERT INTO inspection_records (inspection_id, lot_id, defect_id, inspection_date, qty_defects, is_data_complete) VALUES ('INSP-0203', 39, 5, '2026-01-07', 0, TRUE);
INSERT INTO inspection_records (inspection_id, lot_id, defect_id, inspection_date, qty_defects, is_data_complete) VALUES ('INSP-0204', 71, 5, '2025-12-31', 0, TRUE);
INSERT INTO inspection_records (inspection_id, lot_id, defect_id, inspection_date, qty_defects, is_data_complete) VALUES ('INSP-0205', 126, 5, '2025-12-30', 0, TRUE);